cluster_id	splitr_sequence	splitr_count	splitr_span_pvalue	splitr_pos_pvalue	splitr_min_pvalue	adjacent	altsplice	break_adj_entropy1	break_adj_entropy2	break_adj_entropy_min	breakpoint_homology	breakseqs_estislands_percident	cdna_breakseqs_percident	deletion	est_breakseqs_percident	eversion	exonboundaries	expression1	expression2	gene1	gene2	gene_align_strand1	gene_align_strand2	gene_chromosome1	gene_chromosome2	gene_end1	gene_end2	gene_location1	gene_location2	gene_name1	gene_name2	gene_start1	gene_start2	gene_strand1	gene_strand2	genome_breakseqs_percident	genomic_break_pos1	genomic_break_pos2	genomic_ends1	genomic_ends2	genomic_starts1	genomic_starts2	genomic_strand1	genomic_strand2	interchromosomal	interrupted_index1	interrupted_index2	inversion	library_name	max_map_count	max_repeat_proportion	mean_map_count	min_map_count	num_multi_map	num_splice_variants	orf	read_through	repeat_proportion1	repeat_proportion2	span_count	span_coverage1	span_coverage2	span_coverage_max	span_coverage_min	splice_score	splicing_index1	splicing_index2	transcript1	transcript2	probability
5267	TAAAAAGGATGCTTCGCGTTTTCTCTCTCCTTTTTGGAGACAGATTCGCAGTGGTCGCTTCTTCTCCTTGGATTTGTTAAGGATTCCAAGTAACTCTTATTTG|CTGAGTCAGTGCTGATTCTCTCAAATAGAGCTTGAAGGATAAATCTTCATTTTTGTTTCAACAAAACTTCGAAACAAAATGGAAGAAAATAATCTACAGTGCAGTAGTGTGGTTGACGGTAATTTTGAAGAAGTTCCCAGGGAGACGGCAATTCAGTTTAAACCTCCACTATACAGACAGCGGTACCAGTTCGTTAAAAATTTAGTGGATCAACATGAGCCTAAGAAGGTTGCAGACCTG	6	0.0979110310158665	0.977568210376576	0.364347413003313	N	N	3.54552998930151	3.46824295875107	3.46824295875107	0	0	0.0609900654775346	N	0.0609900654775346	N	Y	5175	3006	ENSG00000180198	ENSG00000162639	+	-	1	1	28865708	109204148	utr5p	utr5p	RCC1	HENMT1	28832455	109190912	+	-	0	28834672	109202584	28832596,28834672	109198320,109200201,109202584	28832574,28834640	109198309,109200073,109202486	+	+	N	-	-	Y	defuse-output	1	0	1	1	0	1	N	N	0	0	4	0.612114150521158	1.60416122205545	1.60416122205545	0.612114150521158	4	-	-	ENSG00000180198|ENST00000427469	ENSG00000162639|ENST00000370031	0.935918104157104
12586	CATCCATATACCGAAAAACCAAGGTTATGGCACACAGCTTGTGCCAGCGATGAAGGAGAAGTAATTGTTTTTGGTGGATGTGCCAACAACTTGCTTGTCCATCACAGAGCTGCACACAGTAATGAAATACTAATATTTTCAGTTCAACCAAAATCTCTTGTACG|TTACATTTAAGAGAAAGAAGGCCCAGGAGCAGTGGTTCACGCCTATAATCCTAGGACTCTGGAAGGCTCAGGCTGAGGCGGGTGGATCGCTTGAGCCCAGGAGTTCAAGACCAGCCTAAGCAA	10	0.907003503390591	0.40627756938834	0.44624557221958	Y	Y	3.34359427943881	3.39380340815762	3.34359427943881	0	0.991898148148148	0	Y	0.991898148148148	N	N	1026	1044	ENSG00000165516	ENSG00000165525	+	+	14	14	50249909	50319921	coding	intron	KLHDC2	NEMF	50234326	50249997	+	-	0	50249312	50252298	50247493,50249175,50249312	50252379	50247471,50249088,50249260	50252298	+	-	N	-	-	N	defuse-output	1	0.857142857142857	1	1	0	1	N	Y	0	0.857142857142857	4	1.32976522354596	0.738758457525535	1.32976522354596	0.738758457525535	4	-	-	ENSG00000165516|ENST00000298307	NA	0.976603048671687
58	CACACTTCTCAAACCTTCACTCAACACTTCCTTCCCCAAAGCCAGAAGATGCACAAGGAGGAACATGAGGTGGCTGTGCTGGGGCCACCCCCCAGCACCATCCTTCCAAGGTCCACCGTGATCAACATCCA|CAGCGAGACCTCCGTGCCCGACCATGTCGTCTGGTCCCTGTTCAACACCCTCTTCATGAACCCCTGCTGCCTGGGCTTCATAGCATTCGCCTACTCCGTGAAGACTGGCACCCAGGCTCTCCCAGAAAGTGAGAAGGGAACTCACAGGTGACTTCACCCCATGGTGGGGAGAACAGCC	48	0.995020583375862	0.306278248718875	0.727029560943017	N	Y	3.47076375903745	3.44719145177281	3.44719145177281	20	0.954346220142822	0.231494705737503	N	0.946737256833292	N	Y	13423	14336	ENSG00000185885	ENSG00000142089	+	-	11	11	315272	321340	coding	coding	IFITM1	IFITM3	313506	319669	+	-	0.954346220142822	314356	320248	314253	320248,320667	314123	320213,320565	+	+	N	-	-	Y	defuse-output	1	0	1	1	0	1	Y	N	0	0	4	1.59360752980508	0.780973226526994	1.59360752980508	0.780973226526994	4	-	-	ENSG00000185885|ENST00000328221	ENSG00000142089|ENST00000531688	0.871258873257802
2406	AGCTGTGCGAGCGCGGCCTGGAGGAGCTCATCGACTACACCGGCGGCCTCAAGCACGAGATCCTGCAGAGCCACGGCCAAGATGCTGAATTATCAGGGACACTTTCACTTGTTTTGACACAGTGCTGTAAAAGAATAAAGGATACTGTTCAAAAATTGGCCTCCGACCACAAAGACATCCACAGCAGTGTTTCTCGGGTTGGAAAAGCCATTGATAAG|GATTCACTTTAAGAGATTTGGAAACTCTTCCCTTTGGAATTGCTCTTCCCATCAGAGATGCAATTTATCACTGTCGTGAGCAGCCTGCCTCAGACTGGCCAGAAGCTGTCTGTCTCTTGATTGGACGTCAGGATCTTTCCAAGCAGGCCTGCGAAGGAAACTTACCCAAAGGGAAGTCTGTG	35	0.0242716875321734	0.590501843816982	0.780573151821544	N	Y	3.67320333000993	3.23640338425519	3.23640338425519	13	0.978076786056836	0	N	0.983557589542627	N	Y	4980	7984	ENSG00000153561	ENSG00000153107	+	-	2	2	87005164	112642267	coding	coding	RMND5A	ANAPC1	86947296	112523848	+	-	0	86968192	112580177	86947932,86968192	112580177	86947889,86968050	112579996	+	+	N	-	-	Y	defuse-output	4	0	4	4	5	1	N	N	0	0	5	0.949832302532831	1.25588937779341	1.25588937779341	0.949832302532831	4	-	-	ENSG00000153561|ENST00000283632	NA	0.634694049176041
8264	CACTGCTTGCAGCAGGCAGAGGATGTGGGAGCCTCGTGGGAACCCCCCCGACTTGTCCACTGAAGTAACAGCAGCAATGACCTTCCCTCGGGAATTCCACCTCTGCGTTTTTCCCTCCA|GGAGGGCCCTCCTGGACCCGGGAGCGGACCCTGGTGGCGGTGAAGCCCGATGGCGTGCAACGGCGGCTCGTTGGGGACGTGATCCAGCGCTTTGAGAGGCGGGGCTTCACGCTGGTGGGGATGAAGATGCTGCAG	3	0.583189473449063	0.779833511660165	0.209822466790606	Y	Y	3.15575602456989	2.99190065211955	2.99190065211955	0	0	0	Y	0	N	Y	23	897	ENSG00000236829	ENSG00000103202	+	-	16	16	442960	460367	intron	coding	Z97634.5	NME4	432097	446725	+	+	0	433429	448990	433428	447313,449091	433340	447313,448990	+	-	N	-	-	N	defuse-output	1	0	1	1	0	1	N	Y	0	0	3	0.960385994783196	0.918171225781736	0.960385994783196	0.918171225781736	4	-	-	ENSG00000236829|ENST00000412293	ENSG00000103202|ENST00000219479	0.89670998941295
3085	TGGAGACCAAGAATTTCAGTGGTGCTGAATTGGAGGGTCTGGTGCGAGCAGCCCAGTCCACTGCTATGAATAGACACATAAAGGCCAGTACTAAAGTGGAAGTGGACATGGAGAAAGCAGAAAGCCTGCAAGTGACGAGAGGAGACTTCCTTGCTTCTTTGGAGAATGATATCAAACCAGC|TGAAGTGCAATGTTGTGATCTCGGCTCACTGCAACCTCTGCCTCCCAGGTTCAAGCGATTCTCCTGCTTTGGCCTCCTGAGTAGCTGGGATTGCAGAAATTTCCAAGGAAACTATATTTCTTACATTGATGGAAATGTATGGAAAGCATACAGTTGGACCGAGAAACTAATTCTCAGAGAAAATAACTTGACTGAATTACACAAGGATTCATTTGAAGGCCTG	1	0.00188886495415266	0.780053307642869	0.849056911955779	N	Y	3.56232542602083	3.63717978456753	3.56232542602083	0	0.988977559511629	0	N	0	N	Y	3800	157	ENSG00000073969	ENSG00000176809	+	-	17	17	44834830	62915598	coding	utr5p	NSF	LRRC37A3	44668035	62850430	+	-	0	44782220	62894577	44772028,44782220,44788330	62885870,62888718,62894575	44771956,44782125,44788329	62885816,62888647,62894480	+	+	N	-	-	Y	defuse-output	10	0.248520710059172	7.5	4	4	1	Y	N	0	0.248520710059172	4	1.06592291728684	1.32976522354596	1.32976522354596	1.06592291728684	4	-	-	ENSG00000073969|ENST00000225282	ENSG00000176809|ENST00000400877	0.689947774273308
2416	AGGAGAGAGTAAGAGAAATAATTATCAATGCTGTTCGGATAGAACAGGAGTTCCTCACTGAGGCCTTGCCTGTGAAGCTCATTGGGATGAATTGCACTCTAATGAAGCAATACATTGAGTTTGTGGCAGACAGACTTATGCTGGAACTGGGTTTTAGCAAGGT|GCTGGGAGACCGTGAAGTGCAAAGCAGATGGAGTCCAGGCCCTCGGGGAGACAGCACGCCAGTGAGGGAGATGGAGACCAATCACCCACCCAGTGTGCGGTAAGTCA	6	0.902168116814167	0.69384445608266	0.737581866155466	Y	Y	3.51360402781852	3.44040523365767	3.44040523365767	1	0.990688691933648	0	Y	0.748594682208504	N	Y	4603	7	ENSG00000171848	ENSG00000163009	+	-	2	2	10271545	10351851	coding	utr5p	RRM2	C2orf48	10262455	10281509	+	+	0	10269281	10281981	10269079,10269281,10269362	10282049	10269055,10269168,10269361	10281983	+	-	N	-	-	N	defuse-output	2	1	1.33333333333333	1	1	1	N	Y	0	1	3	1.08703030178757	0.7493121497759	1.08703030178757	0.7493121497759	4	-	-	ENSG00000171848|ENST00000304567	NA	0.893816260277916
11901	GCTGGTTGTCCCTGAGACTCTGGTCTGTGGCTGGGATTTCCATTGCACTCCTCAGTGCTTGCTTCATTGTGAGCTGTGTAGTAACTTACCATTTTACATATGGTGAAACTGGCAAAAGGCTGTCTGAACTACACTCATATCATTCAAGTCTCACCTGCTTCAGTGAAGGGACAAAGGTGCCAGCCTGGGGATGTTGCCCAGCTTCTTGGAAGTCATTTGGTTCCAGTTGCTACTTCATTTCCAGTGAAGAGAAGGTTTGGTCTAAGAGTGAGCAGAACTGTGTTGAGATGGGAGCACATTTGGTTGTGTTCAACACAGAAGCAGAGC|AGTGGAAGGAGGCATGCATCCCCAGCTGATACCTTCGGTTATTGCTGTAGTTTTCATCTTACTTCTCAGTGTCTGTTTTATTGCAAGTTGTTTGGGTAAGT	12	0.00179663688043113	0.891784682957876	0.339124111146868	N	Y	3.35041100277749	3.80297331548166	3.35041100277749	0	0.99012208913199	0	Y	0	N	Y	369	1229	ENSG00000205846	ENSG00000166527	+	-	12	12	8630926	8674962	coding	intron	CLEC6A	CLEC4D	8608522	8662071	+	+	0	8618225	8667832	8610583,8612294,8618223	8667885	8610503,8612193,8618080	8667830	+	-	N	-	-	N	defuse-output	1	0	1	1	0	3	N	N	0	0	3	1.58305383755472	0.654328919522617	1.58305383755472	0.654328919522617	4	-	-	ENSG00000205846|ENST00000382073	NA	0.973899275243285
2546	TCTTATATAGAGACCTATTCACTGCAATGATTATTGGTTGTGCATTATGTGTGACTCTTCCAATGAGTTTATTAAACTTTTTCA|GTGCGGATTTGCGAGGCGCGCCCTGGAGCTGCTAGAGATCCGGAAGCACAGCCCCGAGGTGTGCGAAGCCACCAAGACTGCGGCTCTTGGAGAAAGCGTGAGCAGGGGGCCACCGCGGTCTCCGCGCCTGTCTGCACCCTGTCGCCTGAGCTGCCTG	2	0.29798784656375	0.522032902286508	0.789304920501775	N	N	3.3257657729496	3.30228159396759	3.30228159396759	0	0	0.0159878000787094	N	0.00413223140495877	N	Y	10662	58	ENSG00000138018	ENSG00000164116	+	-	2	4	26618759	156653501	coding	utr5p	EPT1	GUCY1A3	26531415	156587863	+	+	0	26606215	156588498	26598016,26606214	156588117,156588571,156589323	26598006,26606167	156588117,156588498,156589242	+	-	Y	-	-	N	defuse-output	1	0	1	1	0	1	N	N	0	0	3	1.06592291728684	1.15035245528976	1.15035245528976	1.06592291728684	4	-	-	ENSG00000138018|ENST00000260585	ENSG00000164116|ENST00000511108	0.896239298842047
8250	CCCGGCTGCCCCTGTTCCTATACACCCTGCGAGCAAGCCACAGCCTGTTGGTGGATGACGGACAGCAGCTGATCATCGGTGCTTGCGTGGAGTGTGGGACCCTGGTGTGTGCGGGCCAAGGGCTCACCCGCCAAGGACCCATGAGCTGGAGCTCCCCGGTGGCAGCAGCGACGAAG|CCTGTTTGTGGATCTCTGGAAGCATCTGCAGCCAGCCACCCTCCCACCCGGGAGTCCGAGACCCGGCCACGCGCCCCCACGGAGACCCTGCCCAGAGGCCCCAGGATGGCCCAGGAGCTGAGGCCAGCACAGTGTCTGCAGAGC	5	0.504766207677897	0.518312560038812	0.0680403536334658	N	Y	3.5016965035439	3.58271458558979	3.5016965035439	0	0	0	Y	0	N	Y	27	1	ENSG00000262601	ENSG00000261567	+	-	16	16	85218969	85393055	intron	utr5p	CTC-786C10.1	RP11-680G10.1	85204882	85391069	+	+	0	85205413	85391069	85205413	85391190	85205238	85391069	+	-	N	-	-	N	defuse-output	1	0	1	1	0	1	N	N	0	0	5	1.50917799180216	1.12924507078903	1.50917799180216	1.12924507078903	4	-	-	NA	NA	0.855650093298411
11758	CCAGTTGCTACTTCATTTCCAGTGAAGAGAAGGTTTGGTCTAAGAGTGAGCAGAACTGTGTTGAGATGGGAGCACATTTGGTTGTGTTCAACACAGAAGCAGAGCAGA|AATATACTCTGGGGGAAAAAAAATAGAACAAATTCTTGCCGTCCTGACCATTGAACAAGAGACTAATTAGACAATGGGGCTAGAAAAACCTCAAAGTAAACTGGAAGGAGGCATGCATCCC	5	0.39348214138158	0.884441804893254	0.253836852495109	N	Y	3.33101506018507	3.21171830163395	3.21171830163395	0	0.990780998389694	0	Y	0	N	Y	369	1229	ENSG00000205846	ENSG00000166527	+	-	12	12	8630926	8674962	coding	utr5p	CLEC6A	CLEC4D	8608522	8662071	+	+	0	8618225	8666255	8618225,8628721	8666334	8618140,8628721	8666256	+	-	N	-	-	N	defuse-output	1	0.211009174311927	1	1	0	3	N	N	0.211009174311927	0	3	1.15035245528976	0.717651073024806	1.15035245528976	0.717651073024806	4	-	-	ENSG00000205846|ENST00000382073	ENSG00000166527|ENST00000299665	0.978195900094625
9493	CAAGAACAAGAGTTGGACATCAAGAAGAATGAGAGATTATGGCTTCTGGATGATTCTAAGTCCTGGTGGCGAGTTCGAAATTCCATGAATAAAACAGGTTTTGTGCCTTCTAACTATGTGGAAAGGAAAAACAGTGCTCGGAAAGCATCTATTGTGAAAAACCTAAAGGATACCT|TAGATGAAGTGGCCATTCTGCCTGCCCCTCAGAACCTCTCTGTACTCTCAACCAACATGAAGCATCTCTTGATGTGGAGCCCAGTGATCGCGCCTGGAGAAACAGTGTACTATTCTGTCGAATACCAGGGGGAGTACGAGAGCCTGTACACGAGCCACATCTGGATCCCCAG	7	0.508018256554878	0.980110754618819	0.591379169713609	Y	Y	3.60831833727406	3.62464976567696	3.60831833727406	5	0.994202753274525	0	Y	0	N	Y	1254	377	ENSG00000158092	ENSG00000174564	+	-	3	3	136668665	136729927	coding	utr5p	NCK1	IL20RB	136581050	136665072	+	+	0	136647069	136699308	136647066	136699434,136701043	136646892	136699305,136701002	+	-	N	-	-	N	defuse-output	1	0	1	1	0	1	Y	Y	0	0	5	1.64637599105691	1.35087260804669	1.64637599105691	1.35087260804669	4	-	-	ENSG00000158092|ENST00000481752	ENSG00000174564|ENST00000309741	0.908623516388665
8958	AATTCCAAAACAATCGCATCGAGAGTCGGCACAACGCAGGTCTCCCGACTTTGACTGGTTCCAGACGAAGTTTCTTTTGTCGTTTGCTAGCCTCCAGGGATGCAATCTCTACACTCTCTGTGGGATGGAGGGGGA|AGGCCGTGCCATCCCCGGGGAGGACAAGAAAAAAGTAACAAAAATAATTTTTGGCTTCAAGCACCCAACAATGGAAATGCTGAAACCCATGTCCTTTAAGTCCTTTTCTTCTCCTAG	8	0.573437618679199	0.56017800161686	0.373093577877306	N	Y	3.25679254382414	3.38127338926705	3.25679254382414	0	0.99148677409547	0	Y	0	N	N	7	244	ENSG00000219565	ENSG00000118690	-	-	6	6	109108256	109295186	intron	upstream	ZNF259P1	ARMC2	109103329	109169619	-	+	0	109103552	109156430	109103552	109156529	109103449	109156430	+	-	N	-	-	N	defuse-output	1	0	1	1	0	1	N	N	0	0	5	0.949832302532831	1.24533568554304	1.24533568554304	0.949832302532831	2	-	-	ENSG00000219565|ENST00000572422	NA	0.626563599299887
2374	TTGGAGGACATAGGCGCTTTCAAACAGGAATGCATAGGGAGAAACATAAATCACCAAGTTATCAAATCAAAGAAGGAGATACCATAAATGTGGATGTGACTTGTCCAGGTGCTACTCTAGCTTTGGCTATGATCTACTTAAAAACCAATAACAG|TGTCTTCTAGGAAGCCCAGACACATGGAGAAGTTCTGAGTGTTTTGGCCGATAGTCCCAGATGAGGTTCCAGCAACAGCTGGGATCACCCATGAGATGTGAGTGAGGAAGGCTTTGAGATGGTTTCAGCCCTAGCCACCACTGACCTCATAAGAGACCACAAGAATGAG	70	0.658982486605448	0.960950264612479	0.317718545210195	N	Y	3.42680229220385	3.63978029044062	3.42680229220385	0	0.993526535193202	0	Y	0.993526535193202	N	N	7984	0	ENSG00000153107	ENSG00000231259	+	-	2	2	112642267	87303536	coding	intron	ANAPC1	AC125232.1	112523848	87257800	-	-	0.993526535193202	112561025	87258030	112561107,112561316	87258030	112561025,112561282	87257862	-	+	N	-	-	N	defuse-output	3	0.925287356321839	2.65	2	20	1	N	N	0	0.925287356321839	20	0.833741687778818	1.83634245156347	1.83634245156347	0.833741687778818	4	-	-	ENSG00000153107|ENST00000427997	NA	0.592799779434911
11759	CTCTGGTCTGTGGCTGGGATTTCCATTGCACTCCTCAGTGCTTGCTTCATTGTGAGCTGTGTAGTAACTTACCATTTTACATATGGTGAAACTGGCAAAAGGCTGTCTGAACTACACTCATATCATTCAAGTCTCACCTGCTTCAGTGAAGGGACAAAGGTGCCAGCCTGGGGATGTTGCCCAGCTTCTTGGAAGTCATTTGGTTCCAGTTGCTACTTCATTTCCAGTGAAGAGAAGGTTTGGTCTAAGAGTGAGCAGAACTGTGTTGAGATGGGAGCACATTTGGTTGTGTTCAACACAGAAGCAGAGCAG|TGGAAGGAGGCATGCATCCCCAGCTGATACCTTCGGTTATTGCTGTAGTTTTCATCTTACTTCTCAGTGTCTGTTTTATTGCAAGTTGTTTGGTGACTCATCACAACTTTTCACGCTGTAAGAGAGGCACAGGAGTGCACAAGTTAGAGCACCATGCAAAGCTCAAATGCATCAAAGAGAAATCAGAACTGAAAAGTGCTGAAGGGAGCACCTGGAACTGTTGTCCTATTGACTGGAGAGCCTTCCAGTCCAACTGCTATTTTCCTCTTACTGACAACAAGAC	11	6.9838257968161e-10	0.856430610027782	0.308645832433708	N	Y	3.27869993913313	3.80297331548166	3.27869993913313	0	0.996472359902293	0	Y	0	N	Y	369	1229	ENSG00000205846	ENSG00000166527	+	-	12	12	8630926	8674962	coding	coding	CLEC6A	CLEC4D	8608522	8662071	+	+	0	8618225	8667832	8610583,8612294,8618225	8667924,8670870,8671683	8610520,8612193,8618080	8667832,8670760,8671605	+	-	N	-	-	N	defuse-output	1	0	1	1	0	3	N	N	0	0	5	1.63582229880654	1.54083906855326	1.63582229880654	1.54083906855326	4	-	-	ENSG00000205846|ENST00000382073	ENSG00000166527|ENST00000299665	0.96717818321614
11946	CGTCCCGACCCGAGGCCGGGCCTGCTGCGCGCCCCCAGCCCGATCGGCACCGCCACTTGCCTGAGCGCCCCGGCGGCCCGAGCGCGCCCCAAGCCCGGGCGCCACCGCTGCCACCTCCGCGA|GACAATGCAGATCTTCGTGAAGACTCTGACTGGTAAGACCATCACCCTCGAGGTTGAGCCCAGTGACACCATCGAGAATGTCAAGGCAAAGATCCAAGATAAGGAAGGCATCCCTCCTGACCAGCAGAGGCTGATCTTTGCTGGAAA	1	0.923714866615396	0.7445819679942	0.826017811423719	N	N	2.91969507493524	3.7527243339695	2.91969507493524	10	0	0	N	0	Y	Y	3471	55493	ENSG00000196498	ENSG00000150991	+	-	12	12	125052135	125401914	utr5p	utr5p	NCOR2	UBC	124808961	125396150	-	-	0	125051854	125398320	125051934	125398320,125398587	125051855	125398205,125398587	-	+	N	-	-	N	defuse-output	3	0	2.66666666666667	2	3	1	N	N	0	0	3	0.717651073024806	0.960385994783196	0.960385994783196	0.717651073024806	4	-	-	ENSG00000196498|ENST00000458234	ENSG00000150991|ENST00000541645	0.726111256841198
15540	CGGCGCGTGAGTTTTGCTCTGCCTTGGATTAAGTCTGCACTTCCCAGGTCCCCGGCGCTTCTGCCCCTGGGACGTGGGATCCCCACGGACCTGGAAATTCTCGCCTGTCTTCCCTTCACCCAGAGCAAATTGAGACGTCCCGGATTGATTCCTAAAGACTCATGTTATGTGAAGAAGCAGCTCAGAAGAGGAAAGGAAAGGAGC|CAGGCATGGCTCTTCCTCAGGGACGCTTGACTTTCAGGGATGTGGCTATAGAATTCTCATTGGCAGAGTGGAAATTCCTGAACCCTGCACAGAGGGCTTTGTACAGGGAAGTGATGTTGGAGAACTACAGGAACCTGGAGGCTGTGGATATCTCTTCCAAACACATGATGAAGG	16	0.826649736328705	0.70358538875257	0.950272078236813	N	Y	3.13486300389116	3.3755202409218	3.13486300389116	137	0.965608224911291	0.856700937130379	N	0.856700937130379	N	Y	2119	587	ENSG00000189190	ENSG00000198482	+	-	19	19	53290034	53077383	utr5p	coding	ZNF600	ZNF808	53268747	53030905	-	+	0.272040760622327	53289848	53046519	53282160,53289989	53046600,53050891,53056386	53282099,53289848	53046581,53050765,53056360	-	-	N	-	-	Y	defuse-output	7	0	4.2	3	15	1	N	N	0	0	15	1.96298675856785	1.38253368479779	1.96298675856785	1.38253368479779	4	-	-	ENSG00000189190|ENST00000338230	ENSG00000198482|ENST00000461779	0.57600944600632
