"sample","fusion genes","chrom1","base1","chrom2","base2","gap (kb)","spanning pairs","spanning reads","inframe","aligns","rearrangement","contig","contig break","classification","known"
"MCF7-demo","BCAS4:BCAS3","chr20",49411710,"chr17",59445688,Inf,"381",263,FALSE,TRUE,TRUE,"Locus_7_Transcript_3/7_Confidence_0.300_Length_540",371,"HighConfidence","Yes"
"MCF7-demo","ARFGEF2:SULF2","chr20",47538547,"chr20",46365686,1172.859,"117",151,TRUE,TRUE,TRUE,"Locus_4_Transcript_5/11_Confidence_0.664_Length_3606",221,"HighConfidence","Yes"
"BT474-demo","THRA:AC090627.1","chr17",38243106,"chr17",46371709,8128.605,"67",124,FALSE,TRUE,FALSE,"Locus_21_Transcript_8/16_Confidence_0.587_Length_1643",1119,"HighConfidence","Yes"
"BT474-demo","ACACA:STAC2","chr17",35479453,"chr17",37374426,1894.967,"33",81,TRUE,TRUE,TRUE,"Locus_5_Transcript_2/4_Confidence_0.813_Length_9511",7356,"HighConfidence","Yes"
"BT474-demo","RPS6KB1:SNF8","chr17",57970686,"chr17",47021337,10949.348,"32",68,TRUE,TRUE,TRUE,"Locus_17_Transcript_2/5_Confidence_0.568_Length_1517",224,"HighConfidence","Yes"
"MCF7-demo","RPS6KB1:VMP1","chr17",57992064,"chr17",57917129,74.931,"35",57,TRUE,TRUE,TRUE,"Locus_3_Transcript_3/5_Confidence_0.422_Length_1353",843,"HighConfidence","Yes"
"BT474-demo","THRA:AC090627.1","chr17",38243106,"chr17",46384693,8141.591,"13",77,FALSE,TRUE,FALSE,"Locus_21_Transcript_4/16_Confidence_0.565_Length_1224",869,"HighConfidence","Yes"
"BT474-demo","ZMYND8:CEP250","chr20",45852970,"chr20",34078463,11774.507,"32",25,FALSE,TRUE,TRUE,"Locus_4_Transcript_2/15_Confidence_0.138_Length_2455",2252,"HighConfidence","Yes"
"BT474-demo","STX16:RAE1","chr20",57227143,"chr20",55929088,1298.046,"1",45,TRUE,TRUE,TRUE,"Locus_1_Transcript_1/6_Confidence_0.657_Length_2133",1586,"HighConfidence","Yes"
"MCF7-demo","AC099850.1:VMP1","chr17",57184952,"chr17",57915656,730.706,"15",27,FALSE,TRUE,FALSE,"Locus_3_Transcript_5/5_Confidence_0.244_Length_1414",946,"HighConfidence","-"
"BT474-demo","VAPB:IKZF3","chr20",56964573,"chr17",37934020,Inf,"16",15,TRUE,TRUE,TRUE,"Locus_12_Transcript_4/6_Confidence_0.771_Length_2460",249,"HighConfidence","Yes"
"BT474-demo","MED1:STXBP4","chr17",37607291,"chr17",53218671,15611.381,"4",23,TRUE,TRUE,TRUE,"Locus_9_Transcript_5/5_Confidence_0.207_Length_572",315,"HighConfidence","Yes"
"BT474-demo","RAB22A:MYO9B","chr20",56886178,"chr19",17256207,Inf,"6",19,FALSE,TRUE,TRUE,"Locus_4_Transcript_13/15_Confidence_0.091_Length_2045",216,"HighConfidence","Yes"
"BT474-demo","TOB1:SYNRG","chr17",48943419,"chr17",35880751,13062.67,"2",14,FALSE,TRUE,FALSE,"Locus_20_Transcript_3/4_Confidence_0.655_Length_2292",1993,"HighConfidence","Yes"
"MCF7-demo","BCAS4:BCAS3","chr20",49411710,"chr17",59430949,Inf,"9",7,FALSE,TRUE,TRUE,"Locus_7_Transcript_4/7_Confidence_0.200_Length_695",526,"HighConfidence","Yes"
"BT474-demo","GLB1:CMTM7","chr3",33055548,"chr3",32483332,572.215,"5",10,TRUE,TRUE,TRUE,"Locus_39_Transcript_1/2_Confidence_0.880_Length_2699",333,"HighConfidence","Yes"
"BT474-demo","VAPB:IKZF3","chr20",56964573,"chr17",37944627,Inf,"12",2,TRUE,TRUE,TRUE,"Locus_12_Transcript_5/6_Confidence_0.629_Length_2210",228,"HighConfidence","Yes"
"MCF7-demo","RSBN1:AP4B1-AS1","chr1",114354332,"chr1",114442494,88.161,"8",4,FALSE,TRUE,TRUE,"Locus_30_Transcript_2/3_Confidence_0.375_Length_1518",1333,"HighConfidence","-"
"BT474-demo","MED1:ACSF2","chr17",37595418,"chr17",48548389,10952.971,"-",30,FALSE,TRUE,TRUE,"Locus_9_Transcript_1/5_Confidence_0.448_Length_857",108,"MediumConfidence","Yes"
"MCF7-demo","RPS6KB1:VMP1","chr17",57987972,"chr17",57915656,72.313,"0",12,TRUE,TRUE,TRUE,"Locus_3_Transcript_1/5_Confidence_0.467_Length_1266",946,"MediumConfidence","Yes"
"BT474-demo","STARD3:DOK5","chr17",37793484,"chr20",53259997,Inf,"-",11,FALSE,TRUE,TRUE,"Locus_48_Transcript_1/2_Confidence_0.714_Length_444",332,"MediumConfidence","Yes"
"MCF7-demo","PAPOLA:AK7","chr14",96968937,"chr14",96904172,64.759,"-",3,FALSE,TRUE,TRUE,"Locus_72_Transcript_1/1_Confidence_0.000_Length_289",194,"MediumConfidence","Yes"
"BT474-demo","TIMM23B:LINC00843","chr10",51387760,"chr10",51732772,345.012,"12",50,NA,FALSE,FALSE,"Locus_37_Transcript_7/7_Confidence_0.562_Length_876",637,"LowConfidence","-"
"MCF7-demo","TIMM23B:LINC00843","chr10",51387760,"chr10",51732772,345.012,"9",43,NA,FALSE,FALSE,"Locus_17_Transcript_4/9_Confidence_0.527_Length_2250",2089,"LowConfidence","-"
